id,name_romaji,name_native,current_rank_dan,status
person:a-scott-dejesse,"A. Scott DeJesse",,,provisional
person:aaron-boehmer,"Aaron Boehmer",,,provisional
person:abdulrazzaq-alissa,"Abdulrazzaq Alissa",,,provisional
person:acxel-saravia,"Acxel Saravia",,,provisional
person:akira-tohei,"Akira Tohei","藤平 明",,provisional
person:alan-fishbone,"Alan Fishbone",,,provisional
person:alan-gay,"Alan Gay",,,provisional
person:alan-james-gay,"Alan James Gay",,,provisional
person:alberto-alonso-conchina,"Alberto Alonso Conchina",,,provisional
person:alberto-rodriguez-carvajal,"Alberto Rodríguez Carvajal",,,provisional
person:alejandro-marduck-aguilar,"Alejandro Marduck Aguilar",,,provisional
person:alejandro-rojas-mora,"Alejandro Rojas Mora",,,provisional
person:alex-korn,"Alex Korn",,,provisional
person:alexander-angustain,"Alexander Angustain",,,provisional
person:alexis-botiel-fernandez,"Alexis Botiel Fernandez",,,provisional
person:ali-farhat-monasterios,"Ali Farhat Monasterios",,,provisional
person:alicia-c-hardesty-cordero,"Alicia C. Hardesty-Cordero",,,provisional
person:alicia-cordero-hardesty,"Alicia Cordero-Hardesty",,,provisional
person:alix-adriana-llanes-arenas,"Alix Adriana Llanes Arenas",,,provisional
person:allen-kline,"Allen Kline",,,provisional
person:ando,Ando,,,provisional
person:andrea-moss,"Andrea Moss",,,provisional
person:andrew-benioff,"Andrew Benioff",,,provisional
person:andrew-demko,"Andrew Demko",,,provisional
person:andrew-l-demko,"Andrew L. Demko",,,provisional
person:andrew-lee,"Andrew Lee",,,provisional
person:andrew-obeidy,"Andrew Obeidy",,,provisional
person:andrew-p-demko,"Andrew P. Demko",,,provisional
person:andrew-small,"Andrew Small",,,provisional
person:aneida-gonzalez,"Aneida González",,,provisional
person:angel-augusto-gonzalez-linares,"Angel Augusto González Linares",,,provisional
person:angela-murphy,"Angela Murphy",,,provisional
person:angela-w-murphy,"Angela W. Murphy",,,provisional
person:annette-schediwy-mackrel,"Annette Schediwy Mackrel",,,provisional
person:anthea-p-pascaris,"Anthea P. Pascaris",,,provisional
person:anthea-pascaris,"Anthea Pascaris",,,provisional
person:anthony-chong,"Anthony Chong",,,provisional
person:anthony-fiore,"Anthony Fiore",,,provisional
person:art-wise,"Art Wise",,,provisional
person:arturo-a-peal,"Arturo A. Peal",,,provisional
person:arturo-fisher,"Arturo Fisher",,,provisional
person:arturo-peal,"Arturo Peal",,,provisional
person:ashley-coles,"Ashley Coles",,,provisional
person:bansen-tanaka,"Bansen Tanaka",,,provisional
person:barry-richardson,"Barry Richardson",,,provisional
person:baruc-hunck,"Baruc Hunck",,,provisional
person:beniamin-vardanyan,"Beniamin Vardanyan",,,provisional
person:bernard-calma,"Bernard Calma",,,provisional
person:bernard-j-mulligan,"Bernard J. Mulligan",,,provisional
person:bill-peterson,"Bill Peterson",,,provisional
person:blue-spruell,"Blue Spruell",,,provisional
person:bob-hart-brenda-tam,"Bob Hart & Brenda Tam",,,provisional
person:bob-reister,"Bob Reister",,,provisional
person:brad-welker,"Brad Welker",,,provisional
person:brandon-nimz,"Brandon Nimz",,,provisional
person:brenda-tam-louis-sloss,"Brenda Tam & Louis Sloss",,,provisional
person:brian-curtis,"Brian Curtis",,,provisional
person:brian-dupont,"Brian Dupont",,,provisional
person:brian-ericksen,"Brian Ericksen",,,provisional
person:brian-mizerak,"Brian Mizerak",,,provisional
person:brian-sykes,"Brian Sykes",,,provisional
person:bruce-bookman,"Bruce Bookman",,,provisional
person:bryan-coffie,"Bryan Coffie",,,provisional
person:calvin-blanchard,"Calvin Blanchard",,,provisional
person:calvin-e-blanchard,"Calvin E. Blanchard",,,provisional
person:calvin-tabata,"Calvin Tabata",,,provisional
person:carlos-alberto-jara,"Carlos Alberto Jara",,,provisional
person:carmine-franzese,"Carmine Franzese",,,provisional
person:carola-robles,"Carola Robles",,,provisional
person:caroline-murtha,"Caroline Murtha",,,provisional
person:cathy-darnell,"Cathy Darnell",,,provisional
person:charlene-m-reiss,"Charlene M. Reiss",,,provisional
person:charles-boyer,"Charles Boyer",,,provisional
person:charles-dubois,"Charles Dubois",,,provisional
person:charles-e-cunningham,"Charles E. Cunningham",,,provisional
person:charles-t-mcginnis,"Charles T. McGinnis",,,provisional
person:charn-pennewaert,"Charn Pennewaert",,,provisional
person:chassang,Chassang,,,provisional
person:chester-griffin,"Chester Griffin",,,provisional
person:chester-s-griffin,"Chester S. Griffin",,,provisional
person:chida,Chida,,,provisional
person:chris-j-mills,"Chris J. Mills",,,provisional
person:chris-mooney-aikido,"Chris Mooney (aikido)",,,provisional
person:chris-verhaeren,"Chris Verhaeren",,,provisional
person:christina-dumlao,"Christina Dumlao",,,provisional
person:christine-wong,"Christine Wong",,,provisional
person:christopher-crandall,"Christopher Crandall",,,provisional
person:christopher-kerin,"Christopher Kerin",,,provisional
person:christopher-l-clark,"Christopher L. Clark",,,provisional
person:christopher-walla,"Christopher Walla",,,provisional
person:chuck-renner,"Chuck  Renner",,,provisional
person:claire-keller,"Claire Keller",,,provisional
person:clarence-chinn,"Clarence Chinn",,,provisional
person:claude-berthiaume,"Claude Berthiaume",,,provisional
person:clemon-richardson,"Clemon Richardson",,,provisional
person:cliff-marcus,"Cliff Marcus",,,provisional
person:colleen-bothwell,"Colleen Bothwell",,,provisional
person:colleen-hogan,"Colleen Hogan",,,provisional
person:colleen-m-hogan,"Colleen M Hogan",,,provisional
person:collins-smith,"Collins Smith",,,provisional
person:cong-nguyen,"Cong Nguyen",,,provisional
person:constance-temper,"Constance Temper",,,provisional
person:craig-johnson,"Craig Johnson",,,provisional
person:crystal-n-aldrich,"Crystal N. Aldrich",,,provisional
person:curtis-lamar-sanders-jr,"Curtis Lamar Sanders Jr.",,,provisional
person:cyril-landise,"Cyril Landise",,,provisional
person:derek-leblanc,"DEREK LEBLANC",,,provisional
person:dale-nordenberg,"Dale Nordenberg",,,provisional
person:dale-roznowski,"Dale Roznowski",,,provisional
person:damir-a-jamsek,"Damir A. Jamsek",,,provisional
person:damon-apodaca,"Damon Apodaca",,,provisional
person:damon-g-apodaca,"Damon G. Apodaca",,,provisional
person:dana-caluwaerts,"Dana Caluwaerts",,,provisional
person:daniel-eduardo-medina,"Daniel Eduardo Medina",,,provisional
person:daniel-hayes,"Daniel Hayes",,,provisional
person:daniel-laurendeau,"Daniel Laurendeau",,,provisional
person:daniel-palmer,"Daniel Palmer",,,provisional
person:danilo-mezzadri,"Danilo Mezzadri",,,provisional
person:darrell-grant,"Darrell Grant",,,provisional
person:darrell-tangman,"Darrell Tangman",,,provisional
person:daryl-muranaka,"Daryl Muranaka",,,provisional
person:david-a-norton,"David A. Norton",,,provisional
person:david-almcrantz,"David Almcrantz",,,provisional
person:david-cody,"David Cody",,,provisional
person:david-farrell-shihan,"David Farrell Shihan",,,provisional
person:david-halprin-shihan,"David Halprin Shihan",,,provisional
person:david-j-ross,"David J. Ross",,,provisional
person:david-kaneshiro,"David Kaneshiro",,,provisional
person:david-katz,"David Katz",,,provisional
person:david-law,"David Law",,,provisional
person:david-mata,"David Mata",,,provisional
person:david-norton,"David Norton",,,provisional
person:david-reinfeld,"David Reinfeld",,,provisional
person:david-ross,"David Ross",,,provisional
person:david-shaner-ekf-chief-instructor,"David Shaner, EKF Chief Instructor",,,provisional
person:david-smilow,"David Smilow",,,provisional
person:dean-mayer,"Dean Mayer",,,provisional
person:dee-seabolt,"Dee Seabolt",,,provisional
person:dennis-main,"Dennis Main",,,provisional
person:dermot-mcdonald,"Dermot McDonald",,,provisional
person:derrell-thomas,"Derrell Thomas",,,provisional
person:diane-p-dubois,"Diane P. Dubois",,,provisional
person:diego-alberto-lozza,"Diego Alberto Lozza",,,provisional
person:don-eisele,"Don Eisele",,,provisional
person:donald-slater,"Donald Slater",,,provisional
person:donald-zdeb,"Donald Zdeb",,,provisional
person:donna-grant,"Donna Grant",,,provisional
person:douglas-firestone,"Douglas Firestone",,,provisional
person:driss-benmoussa,"Driss Benmoussa",,,provisional
person:eric-m-pierce,"ERIC M. PIERCE",,,provisional
person:eric-vollrath,"ERIC VOLLRATH",,,provisional
person:edmund-di-marco,"Edmund Di Marco",,,provisional
person:edward-kardell,"Edward Kardell",,,provisional
person:edward-leung,"Edward Leung",,,provisional
person:edward-lin,"Edward Lin",,,provisional
person:edward-peteroy,"Edward Peteroy",,,provisional
person:eiji-kurashige,"Eiji Kurashige",,,provisional
person:eliot-rifkin,"Eliot Rifkin",,,provisional
person:eliot-w-rifkin,"Eliot W. Rifkin",,,provisional
person:enrique-silvera,"Enrique Silvera",,,provisional
person:eran-vardi,"Eran Vardi",,,provisional
person:eric-nonaka,"Eric Nonaka",,,provisional
person:ernest-lemon-jr,"Ernest Lemon, Jr.",,,provisional
person:eugene-morales,"Eugene Morales",,,provisional
person:eugene-o-connor,"Eugene O'Connor",,,provisional
person:evan-sobel,"Evan Sobel",,,provisional
person:everest-guix-fermin,"Everest Guix Fermín",,,provisional
person:evie-pond,"Evie Pond",,,provisional
person:ezzard-neri,"Ezzard Neri",,,provisional
person:fabio-chirinos,"Fabio Chirinos",,,provisional
person:fiona-blyth,"Fiona Blyth",,,provisional
person:francesco-grieco,"Francesco Grieco",,,provisional
person:francisco-matamala,"Francisco Matamala",,,provisional
person:frank-spera,"Frank Spera",,,provisional
person:fred-foote,"Fred Foote",,,provisional
person:fulvio-mateo,"Fulvio Mateo",,,provisional
person:gabriele-bixel,"Gabriele Bixel",,,provisional
person:gail-skinner,"Gail Skinner",,,provisional
person:garn-g-sherman,"Garn G. Sherman",,,provisional
person:garn-sherman,"Garn Sherman",,,provisional
person:gary-roberts,"Gary Roberts",,,provisional
person:gentil-pennewaert,"Gentil Pennewaert",,,provisional
person:george-hemmings,"George Hemmings",,,provisional
person:george-w-kennedy,"George W. Kennedy",,,provisional
person:georgette-frate-mikus,"Georgette Frate-Mikus",,,provisional
person:geraldine-tremblay,"Geraldine Tremblay",,,provisional
person:giles-longpre,"Giles Longpre",,,provisional
person:gina-zarrilli,"Gina Zarrilli",,,provisional
person:giorgio-mariana,"Giorgio Mariana",,,provisional
person:giovani-villafane,"Giovani Villafane",,,provisional
person:gleb-shumyatsky,"Gleb Shumyatsky",,,provisional
person:glen-matsuda,"Glen Matsuda",,,provisional
person:glenn-brooks,"Glenn Brooks",,,provisional
person:glenn-murray,"Glenn Murray",,,provisional
person:gordon-sakamoto,"Gordon Sakamoto",,,provisional
person:gorman-miller,"Gorman Miller",,,provisional
person:gozo-shioda,"Gozo Shioda",,9,provisional
person:grady-d-lane,"Grady D. Lane",,,provisional
person:graham-fraser,"Graham Fraser",,,provisional
person:gustavo-j-ramos,"Gustavo J. Ramos",,,provisional
person:gustavo-ramos,"Gustavo Ramos",,,provisional
person:gustavo-rearte,"Gustavo Rearte",,,provisional
person:hal-lehrman-jr,"Hal Lehrman Jr.",,,provisional
person:harvey-konigsberg,"Harvey Konigsberg",,,provisional
person:heath-atchley,"Heath Atchley",,,provisional
person:henry-bellorin,"Henry Bellorin",,,provisional
person:hiroshi-ikeda,"Hiroshi Ikeda",,,provisional
person:hiroshi-tada,"Hiroshi Tada",,9,provisional
person:indra-gandy,"Indra Gandy",,,provisional
person:irvin-vann,"Irvin Vann",,,provisional
person:ishiyama,Ishiyama,,,provisional
person:ivar-w-christopher,"Ivar W. Christopher",,,provisional
person:javier-vazquez-bravo,"JAVIER VAZQUEZ-BRAVO",,,provisional
person:jack-hayes,"Jack Hayes",,,provisional
person:jacques-payet,"Jacques Payet","養神館 合気道",,provisional
person:james-a-baker,"James A. Baker",,,provisional
person:james-albertson,"James Albertson",,,provisional
person:james-constable,"James Constable",,,provisional
person:james-graves,"James Graves",,,provisional
person:james-jacenich,"James Jacenich",,,provisional
person:james-nakayama,"James Nakayama",,,provisional
person:james-shaffer,"James Shaffer",,,provisional
person:james-soviero,"James Soviero",,,provisional
person:james-w-constable,"James W. Constable",,,provisional
person:janet-lowe,"Janet Lowe",,,provisional
person:janice-taitel,"Janice Taitel",,,provisional
person:jason-dearmond,"Jason DeArmond",,,provisional
person:jason-martell,"Jason Martell",,,provisional
person:jason-parsons,"Jason Parsons",,,provisional
person:jason-perna,"Jason Perna",,,provisional
person:javier-dominguez,"Javier Dominguez",,,provisional
person:javier-raa,"Javier Raa",,,provisional
person:jay-tall,"Jay Tall",,,provisional
person:jayne-thompson,"Jayne Thompson",,,provisional
person:jean-laplante,"Jean Laplante",,,provisional
person:jean-michel-hovan,"Jean Michel Hovan",,,provisional
person:jef-snellings,"Jef Snellings",,,provisional
person:jeffrey-a-gonz,"Jeffrey A. Gonz",,,provisional
person:jeffrey-hilland,"Jeffrey Hilland",,,provisional
person:jene-rene-david,"Jene-Rene David",,,provisional
person:jeremy-neff,"Jeremy Neff",,,provisional
person:jerry-b-zimmerman,"Jerry B. Zimmerman",,,provisional
person:jerry-dewees,"Jerry Dewees",,,provisional
person:jerry-zimmerman,"Jerry Zimmerman",,,provisional
person:jesus-a-gonzalez-jimenez,"Jesús A. González Jiménez",,,provisional
person:jigoro-kano,"Jigoro Kano",,,provisional
person:joan-alcantara,"Joan Alcantara",,,provisional
person:joan-nakatsugawa,"Joan Nakatsugawa",,,provisional
person:joanne-recca,"Joanne Recca",,,provisional
person:joel-leffert,"Joel Leffert",,,provisional
person:john-chiarolanzio,"John Chiarolanzio",,,provisional
person:john-donnelly,"John Donnelly",,,provisional
person:john-duke,"John Duke",,,provisional
person:john-edge,"John Edge",,,provisional
person:john-gilmore,"John Gilmore",,,provisional
person:john-hadfield,"John Hadfield",,,provisional
person:john-huang,"John Huang",,,provisional
person:john-lepore,"John Lepore",,,provisional
person:john-ottavino,"John Ottavino",,,provisional
person:john-porter,"John Porter",,,provisional
person:jon-maxson,"Jon Maxson",,,provisional
person:jon-whatley,"Jon Whatley",,,provisional
person:jonathan-a-weiner,"Jonathan A. Weiner",,,provisional
person:jonathan-r-eley,"Jonathan R. Eley",,,provisional
person:jonathan-reid,"Jonathan Reid",,,provisional
person:jonathan-weiner,"Jonathan Weiner",,,provisional
person:jonel-romero,"Jonel Romero",,,provisional
person:jorge-campos,"Jorge Campos",,,provisional
person:jorge-russo,"Jorge Russo",,,provisional
person:jorge-silva,"Jorge Silva",,,provisional
person:jose-arturo-bonachea,"Jose Arturo Bonachea",,,provisional
person:josef-birdsong-shihan,"Josef Birdsong Shihan",,,provisional
person:josemar-dias,"Josemar Dias",,,provisional
person:joseph-f-nemeth,"Joseph F. Nemeth",,,provisional
person:josh-weiser,"Josh Weiser",,,provisional
person:joshua-layton,"Joshua Layton",,,provisional
person:josnei-dias,"Josnei Dias",,,provisional
person:josnei-macedo-dias,"Josnei Macedo Dias",,,provisional
person:juan-carlos-delgado,"Juan Carlos Delgado",,,provisional
person:juan-carlos-flores,"Juan Carlos Flores",,,provisional
person:juan-pablo-guachamin-andrade,"Juan Pablo Guachamin Andrade",,,provisional
person:juan-sampayo-sarraga,"Juan Sampayo-Sarraga",,,provisional
person:juan-carlos-cruz,"Juan-Carlos Cruz",,,provisional
person:julia-freedgood,"Julia Freedgood",,,provisional
person:julia-m-freedgood,"Julia M. Freedgood",,,provisional
person:junya-nakatsugawa,"Junya Nakatsugawa",,,provisional
person:k-hawk-durham,"K. Hawk Durham",,,provisional
person:k-inoue,"K. Inoue",,,provisional
person:keith-m-pray,"KEITH M. PRAY",,,provisional
person:kali-hewitt-blackie,"Kali Hewitt-Blackie",,,provisional
person:kano-jigoro,"Kano Jigoro",,,provisional
person:karen-de-paola,"Karen De Paola",,,provisional
person:karen-peterson,"Karen Peterson",,,provisional
person:kawahara,Kawahara,,,provisional
person:kazuo-chiba,"Kazuo Chiba","千葉 和雄",,provisional
person:kagan-ar-k,"Kağan Arık",,,provisional
person:keisuke-ogawa,"Keisuke Ogawa",,,provisional
person:keith-lit,"Keith Lit",,,provisional
person:ken-macbeth,"Ken MacBeth",,,provisional
person:ken-yamazaki,"Ken Yamazaki",,,provisional
person:kenji-tomiki,"Kenji Tomiki",,8,provisional
person:kenneth-m-cadogan,"Kenneth M. Cadogan",,,provisional
person:kevin-grace,"Kevin Grace",,,provisional
person:kevin-kanesaka,"Kevin Kanesaka",,,provisional
person:kevin-p-grace,"Kevin P. Grace",,,provisional
person:kim-johnston,"Kim Johnston",,,provisional
person:kim-sorvig,"Kim Sorvig",,,provisional
person:kirk-fowler,"Kirk Fowler",,,provisional
person:kisaburo-osawa,"Kisaburo Osawa",,,provisional
person:kisshomaru-ueshiba,"Kisshomaru Ueshiba",,,provisional
person:knut-t-o-bauer,"Knut T.O. Bauer",,,provisional
person:koei-kuwahara,"Koei Kuwahara",,,provisional
person:koichi-kashiwaya,"Koichi Kashiwaya",,,provisional
person:koichi-kashiwaya-abel-vilacorta,"Koichi Kashiwaya / Abel Vilacorta",,,provisional
person:koichi-kashiwaya-colin-li-pi-shan,"Koichi Kashiwaya / Colin Li Pi Shan",,,provisional
person:koichi-kashiwaya-derek-nabel,"Koichi Kashiwaya / Derek Nabel",,,provisional
person:koichi-kashiwaya-george-andrew-lebar,"Koichi Kashiwaya / George Andrew LeBar",,,provisional
person:koichi-kashiwaya-h-vic-montgomery,"Koichi Kashiwaya / H. Vic Montgomery",,,provisional
person:koichi-kashiwaya-h-vic-montgomery-mel-smith,"Koichi Kashiwaya / H. Vic Montgomery / Mel Smith",,,provisional
person:koichi-kashiwaya-h-vic-montgomery-william-perkins,"Koichi Kashiwaya / H. Vic Montgomery / William Perkins",,,provisional
person:koichi-kashiwaya-jason-rosnenblum,"Koichi Kashiwaya / Jason Rosnenblum",,,provisional
person:koichi-kashiwaya-joe-decapua,"Koichi Kashiwaya / Joe DeCapua",,,provisional
person:koichi-kashiwaya-michael-farris,"Koichi Kashiwaya / Michael Farris",,,provisional
person:koichi-kashiwaya-mort-melman,"Koichi Kashiwaya / Mort Melman",,,provisional
person:koichi-kashiwaya-russell-daubar,"Koichi Kashiwaya / Russell Daubar",,,provisional
person:koichi-kashiwaya-susan-chandler,"Koichi Kashiwaya / Susan Chandler",,,provisional
person:koichi-kashiwaya-william-r-fairweather,"Koichi Kashiwaya / William R. Fairweather",,,provisional
person:koichi-kashiwaya-richard-blanke,"Koichi Kashiwaya /Richard Blanke",,,provisional
person:koichi-kashiwaya-tomoyuki-nishino,"Koichi Kashiwaya /Tomoyuki Nishino",,,provisional
person:koichi-tohei,"Koichi Tohei","藤平 光一",,provisional
person:krzysztof-zawadzki,"Krzysztof Zawadzki",,,provisional
person:kunisaburo-iizuka,"Kunisaburo Iizuka",,,provisional
person:kushida,Kushida,,,provisional
person:kyoichi-inoue,"Kyoichi Inoue",,,provisional
person:kyuzo-mifune,"Kyuzo Mifune",,,provisional
person:labeeb-zaatara,"Labeeb Zaatara",,,provisional
person:laplante-jean,"Laplante Jean",,,provisional
person:larry-e-bieri,"Larry E. Bieri",,,provisional
person:larry-graham,"Larry Graham",,,provisional
person:larry-r-levitt,"Larry R. Levitt",,,provisional
person:laura-gabbe,"Laura Gabbe",,,provisional
person:laura-jacobs-pavlick,"Laura Jacobs Pavlick",,,provisional
person:lauren-mallas,"Lauren Mallas",,,provisional
person:leandro-obligado,"Leandro Obligado",,,provisional
person:lenore-i-killam,"Lenore I. Killam",,,provisional
person:lenore-killam,"Lenore Killam",,,provisional
person:leonel-sanchez-sotolongo,"Leonel Sánchez Sotolongo",,,provisional
person:liese-klein,"Liese Klein",,,provisional
person:lillian-paiva,"Lillian Paiva",,,provisional
person:linda-jones,"Linda Jones",,,provisional
person:linda-robins,"Linda Robins",,,provisional
person:linda-sasaki,"Linda Sasaki",,,provisional
person:louis-caron,"Louis Caron",,,provisional
person:lowell-miller,"Lowell Miller",,,provisional
person:luciano-silva-de-almeida,"Luciano Silva de Almeida",,,provisional
person:m-david-cormalleth,"M. David Cormalleth",,,provisional
person:michael-a-lambert,"MICHAEL A. LAMBERT",,,provisional
person:mikal-giancola,"MIKAL GIANCOLA",,,provisional
person:maite-azcoitia,"Maite Azcoitia",,,provisional
person:maite-fuertemoreno,"Maite Fuertemoreno",,,provisional
person:makiyama,Makiyama,,,provisional
person:manuel-cormenzana-casuriaga,"Manuel Cormenzana Casuriaga",,,provisional
person:marc-hugentobler,"Marc Hugentobler",,,provisional
person:marcel-gonzalez,"Marcel Gonzalez",,,provisional
person:marcos-miranda,"Marcos Miranda",,,provisional
person:margaret-s-bower,"Margaret S. Bower",,,provisional
person:maria-cristina-dumlao,"Maria Cristina Dumlao",,,provisional
person:maria-janczuk,"Maria Janczuk",,,provisional
person:marie-torrecampo,"Marie Torrecampo",,,provisional
person:marilyn-st-john,"Marilyn St John",,,provisional
person:mariusz-kantek,"Mariusz Kantek",,,provisional
person:mark-szczepanski,"Mark Szczepanski",,,provisional
person:mark-voorhees,"Mark Voorhees",,,provisional
person:martin,Martin,,,provisional
person:martin-katz,"Martin Katz",,,provisional
person:martin-wise,"Martin Wise",,,provisional
person:mary-dee-seabolt,"Mary Dee Seabolt",,,provisional
person:mary-fuller,"Mary Fuller",,,provisional
person:masako-nakatsugawa,"Masako Nakatsugawa",,,provisional
person:masashi-umemoto,"Masashi Umemoto",,,provisional
person:masatomi-ikeda,"Masatomi Ikeda",,,provisional
person:matjaz-dobravec,"Matjaz Dobravec",,,provisional
person:matthew-bagedonow,"Matthew Bagedonow",,,provisional
person:matthias-lynch,"Matthias Lynch",,,provisional
person:maurits-filet,"Maurits Filet",,,provisional
person:max-c-sherman,"Max C Sherman",,,provisional
person:maykell-torres,"Maykell Torres",,,provisional
person:meipo-martin,"Meipo Martin",,,provisional
person:melissa-pittman-fischer,"Melissa Pittman Fischer",,,provisional
person:michael-abrams,"Michael Abrams",,,provisional
person:michael-aloia,"Michael Aloia",,,provisional
person:michael-clair,"Michael Clair",,,provisional
person:michael-grover,"Michael Grover",,,provisional
person:michael-j-mcnally,"Michael J. McNally",,,provisional
person:michael-livingston,"Michael Livingston",,,provisional
person:michael-lum,"Michael Lum",,,provisional
person:michael-martin,"Michael Martin",,,provisional
person:michael-mcnally,"Michael McNally",,,provisional
person:michael-napoli,"Michael Napoli",,,provisional
person:michael-pak,"Michael Pak",,,provisional
person:michael-s-pak,"Michael S. Pak",,,provisional
person:michael-sheahon,"Michael Sheahon",,,provisional
person:michael-silverman,"Michael Silverman",,,provisional
person:michel-casanova-casanova,"Michel Casanova Casanova",,,provisional
person:michel-j-hovan,"Michel J. Hovan",,,provisional
person:mick-cipra,"Mick Cipra",,,provisional
person:miguel-antonio-morales-bermudez-field,"Miguel Antonio Morales-Bermudez Field",,,provisional
person:mikhail-korozei,"Mikhail Korozei",,,provisional
person:minoru-mochizuki,"Minoru Mochizuki",,,provisional
person:mission,Mission,,,provisional
person:mitsugi-saotome,"Mitsugi Saotome","五月女 貢",,provisional
person:mitsunari-kanai,"Mitsunari Kanai","金井 満也",8,provisional
person:mohammad-alhamar,"Mohammad Alhamar",,,provisional
person:mohammed-alajmi-sensei,"Mohammed Alajmi Sensei",,,provisional
person:morihei-ueshiba,"Morihei Ueshiba","植芝 盛平",,provisional
person:morihiro-saito,"Morihiro Saito",,9,provisional
person:moriteru-ueshiba,"Moriteru Ueshiba",,,provisional
person:motier-haskins,"Motier Haskins",,,provisional
person:mykola-yemelianov,"Mykola Yemelianov",,,provisional
person:naomi-wentworth,"Naomi WENTWORTH",,,provisional
person:neil-quigley,"Neil Quigley",,,provisional
person:nelson-andujar,"Nelson Andujar",,,provisional
person:nemraz-juggoo,"Nemraz Juggoo",,,provisional
person:nicholas-howes,"Nicholas Howes",,,provisional
person:nicholas-ross,"Nicholas Ross",,,provisional
person:nobuyoshi-tamura,"Nobuyoshi Tamura",,8,provisional
person:noel-murphy,"Noel Murphy",,,provisional
person:noriko-oba,"Noriko Oba",,,provisional
person:norman-brodeur,"Norman Brodeur",,,provisional
person:orlando-soto,"Orlando Soto",,,provisional
person:oscar-ortega-izquierdo,"Oscar Ortega Izquierdo",,,provisional
person:philip-berrios,"PHILIP BERRIOS",,,provisional
person:pablo-vitelio,"Pablo Vitelio",,,provisional
person:pascal-kim,"Pascal Kim",,,provisional
person:patricia-demko,"Patricia Demko",,,provisional
person:patrick-h-hardesty,"Patrick H. Hardesty",,,provisional
person:patrick-hardesty,"Patrick Hardesty",,,provisional
person:paul-forhan,"Paul Forhan",,,provisional
person:paul-glavine,"Paul Glavine",,,provisional
person:paul-l-glavine,"Paul L. Glavine",,,provisional
person:paul-manogue,"Paul Manogue",,,provisional
person:paul-rebollido,"Paul Rebollido",,,provisional
person:paul-ward,"Paul Ward",,,provisional
person:paul-zimet,"Paul Zimet",,,provisional
person:paulo-ivan-volochyn,"Paulo Ivan Volochyn",,,provisional
person:paulo-volochyn,"Paulo Volochyn",,,provisional
person:payet,Payet,,,provisional
person:penny-strake-bernath,"Penny Strake Bernath",,,provisional
person:perry-ivy,"Perry Ivy",,,provisional
person:peter-bernath,"Peter Bernath",,,provisional
person:phil-smith-chris-omuro-jeff-carlson,"Phil Smith, Chris Omuro, Jeff Carlson",,,provisional
person:philip-halpern,"Philip Halpern",,,provisional
person:philippe-niemetz,"Philippe Niemetz",,,provisional
person:pierre-chassang,"Pierre Chassang",,,provisional
person:pietro-maida,"Pietro Maida",,,provisional
person:robert-loftin,"ROBERT LOFTIN",,,provisional
person:rock-lazo,"ROCK LAZO",,,provisional
person:rafael-pacheco,"Rafael Pacheco",,,provisional
person:rafael-urrutia-pairol,"Rafael Urrutia Pairol",,,provisional
person:ralph-legnini,"Ralph Legnini",,,provisional
person:ramon-ruilopez,"Ramon Ruilopez",,,provisional
person:randall-smith,"Randall Smith",,,provisional
person:randy-beck,"Randy Beck",,,provisional
person:raul-espinosa-y-jorge-aguilar,"Raul Espinosa y Jorge Aguilar",,,provisional
person:ray-feliciano,"Ray Feliciano",,,provisional
person:raymond-caldwell,"Raymond Caldwell",,,provisional
person:raymond-s-farinato,"Raymond S. Farinato",,,provisional
person:rejean-gauthier,"Rejean Gauthier",,,provisional
person:rene-relacion,"Rene Relacion",,,provisional
person:reuven-lirov,"Reuven Lirov",,,provisional
person:reynold-hoyte,"Reynold Hoyte",,,provisional
person:richard-backer,"Richard Backer",,,provisional
person:richard-colacino,"Richard Colacino",,,provisional
person:richard-colby,"Richard Colby",,,provisional
person:richard-gibbs,"Richard Gibbs",,,provisional
person:richard-l-mintz,"Richard L. Mintz",,,provisional
person:richard-mcneillie,"Richard McNeillie",,,provisional
person:richard-morrison,"Richard Morrison",,,provisional
person:richard-wagener,"Richard Wagener",,,provisional
person:rick-butler,"Rick Butler",,,provisional
person:rick-lewis,"Rick Lewis",,,provisional
person:rick-testa,"Rick Testa",,,provisional
person:rob-crowell,"Rob  Crowell",,,provisional
person:robert-a-whelan,"Robert A. Whelan",,,provisional
person:robert-ford,"Robert Ford",,,provisional
person:robert-humphreys,"Robert Humphreys",,,provisional
person:robert-hyatt,"Robert Hyatt",,,provisional
person:robert-l-clark,"Robert L. Clark",,,provisional
person:robert-m-mason,"Robert M. Mason",,,provisional
person:robert-mason,"Robert Mason",,,provisional
person:robert-mustard,"Robert Mustard",,8,provisional
person:robert-saad,"Robert Saad",,,provisional
person:robert-toabe,"Robert Toabe",,,provisional
person:robert-vichins,"Robert Vichins",,,provisional
person:robert-w-ward,"Robert W. Ward",,,provisional
person:robert-zimmermann-shihan,"Robert Zimmermann Shihan",,,provisional
person:roderick-j-johnson,"Roderick J. Johnson",,,provisional
person:roderick-johnson,"Roderick Johnson",,,provisional
person:roel-suetens,"Roel Suetens",,,provisional
person:ronald-c-sims,"Ronald C. Sims",,,provisional
person:ronald-cadillo-chavez,"Ronald Cadillo-Chavez",,,provisional
person:rubel-batista,"Rubel Batista",,,provisional
person:samuel-santiago,"SAMUEL SANTIAGO",,,provisional
person:steve-nelson,"STEVE NELSON",,,provisional
person:suzanne-rancourt,"SUZANNE RANCOURT",,,provisional
person:sac-tran,"Sac Tran",,,provisional
person:salvatore-j-lacorte,"Salvatore J. Lacorte",,,provisional
person:salvatore-la-corte,"Salvatore La Corte",,,provisional
person:scott-korbylo,"Scott Korbylo",,,provisional
person:sean-conley,"Sean Conley",,,provisional
person:sean-m-conley,"Sean M. Conley",,,provisional
person:seiichi-sugano,"Seiichi Sugano","菅野 誠一",8,provisional
person:sensei-bader-al-saifan,"Sensei Bader Al Saifan",,,provisional
person:sergio-cuevas,"Sergio Cuevas",,,provisional
person:shahram-moradi,"Shahram Moradi",,,provisional
person:shai-golan,"Shai Golan",,,provisional
person:sharon-kanai,"Sharon Kanai",,,provisional
person:shoji-nishio,"Shoji Nishio","西尾 昭二",8,provisional
person:sidney-shiba,"Sidney Shiba",,,provisional
person:silvia-eschenlaur,"Silvia Eschenlaur",,,provisional
person:stan-haehl,"Stan Haehl",,,provisional
person:stephan-jerberger,"Stephan Jerberger",,,provisional
person:stephane-janczuk,"Stephane Janczuk",,,provisional
person:stephanie-cook,"Stephanie Cook",,,provisional
person:stephen-kopka,"Stephen Kopka",,,provisional
person:steve-sandage,"Steve Sandage",,,provisional
person:steven-kaufmann,"Steven Kaufmann",,,provisional
person:steven-pimsler,"Steven Pimsler",,,provisional
person:suga,Suga,,,provisional
person:susan-dutton,"Susan Dutton",,,provisional
person:susanne-beisert,"Susanne Beisert",,,provisional
person:sylvie-firestone,"Sylvie Firestone",,,provisional
person:tadashi-abe,"Tadashi Abe","阿部 正",,provisional
person:takashi-kushida,"Takashi Kushida",,,provisional
person:takeda-sokaku,"Takeda Sōkaku",,,provisional
person:tatsuo-toyoda,"Tatsuo Toyoda",,,provisional
person:terada,Terada,,,provisional
person:terada-kiyoyuki,"Terada Kiyoyuki",,,provisional
person:terry-copperman,"Terry Copperman",,,provisional
person:than-vinh-pham,"Than Vinh Pham",,,provisional
person:thomas-burden,"Thomas Burden",,,provisional
person:thomas-h-makiyama,"Thomas H. Makiyama",,8,provisional
person:thomas-milucci,"Thomas Milucci",,,provisional
person:tim-spies,"Tim Spies",,,provisional
person:timothy-j-antrim,"Timothy J. Antrim",,,provisional
person:tina-shepard,"Tina Shepard",,,provisional
person:tinka-sloss,"Tinka Sloss",,,provisional
person:tomita,Tomita,,,provisional
person:tommy-lee-white,"Tommy Lee White",,,provisional
person:toshiro-suga,"Toshiro Suga",,,provisional
person:tracy-reasoner,"Tracy Reasoner",,,provisional
person:tsuneo-ando,"Tsuneo Ando",,,provisional
person:tsutomu-chida,"Tsutomu Chida",,,provisional
person:ty-barker,"Ty Barker",,,provisional
person:vanessa-stringheti,"Vanessa Stringheti",,,provisional
person:victor-ancer,"Victor Ancer",,,provisional
person:victor-hung,"Victor Hung",,,provisional
person:vidhya-rojanavongse,"Vidhya Rojanavongse",,,provisional
person:vincent-hauser,"Vincent Hauser",,,provisional
person:virginia-becart,"Virginia Becart",,,provisional
person:vu-ha,"Vu Ha",,,provisional
person:vu-xuan-ha,"Vu Xuan Ha",,,provisional
person:vural,Vural,,,provisional
person:walter-braxton-iii,"Walter Braxton III",,,provisional
person:walter-marker,"Walter Marker",,,provisional
person:wayne-brown,"Wayne Brown",,,provisional
person:wayne-massey,"Wayne Massey",,,provisional
person:wayne-tsuma,"Wayne Tsuma",,,provisional
person:wendell-gault,"Wendell Gault",,,provisional
person:william-gleason,"William Gleason",,,provisional
person:william-mcluskie,"William McLuskie",,,provisional
person:william-r-ross,"William R. Ross",,,provisional
person:william-tilles,"William Tilles",,,provisional
person:william-x-staub,"William X. Staub",,,provisional
person:wyatt-smith,"Wyatt Smith",,,provisional
person:yasuhiro-konishi,"Yasuhiro Konishi",,,provisional
person:yasuhisa-shioda,"Yasuhisa Shioda",,,provisional
person:yordan-yordanov,"Yordan Yordanov",,,provisional
person:yoshimitsu-yamada,"Yoshimitsu Yamada","山田 嘉光",8,provisional
person:yoshio-sugino,"Yoshio Sugino",,,provisional
person:young-nguyen,"Young nguyen",,,provisional
person:yousef-alsuwayed,"Yousef Alsuwayed",,,provisional
person:youssef-sadkane,"Youssef Sadkane",,,provisional
person:yukihisa-aokusa,"Yukihisa Aokusa",,,provisional
person:yukiko-katagiri,"Yukiko KATAGIRI",,,provisional
